Resort,Season,Day Pass,Season Pass,State
Abenaki,2009-10,,70,nh
Abenaki,2011-12,10,70,nh
Abenaki,2012-13,10,70,nh
Abenaki,2013-14,17,153,nh
Abenaki,2014-15,17,153,nh
Abenaki,2015-16,17,153,nh
Abenaki,2016-17,17,153,nh
Abenaki,2018-19,20,160,nh
Abenaki,2019-20,25,160,nh
Abenaki,2021-22,20,150,nh
Abenaki,2022-23,20,150,nh
Arrowhead,2002-03,7,,nh
Arrowhead,2003-04,7,,nh
Arrowhead,2004-05,7,,nh
Arrowhead,2005-06,7,,nh
Arrowhead,2007-08,7,,nh
Arrowhead,2009-10,8,,nh
Arrowhead,2010-11,8,120,nh
Arrowhead,2011-12,8,120,nh
Arrowhead,2012-13,8,120,nh
Arrowhead,2013-14,8,120,nh
Arrowhead,2014-15,9,120,nh
Arrowhead,2015-16,9,120,nh
Arrowhead,2016-17,,120,nh
Arrowhead,2019-20,9,120,nh
Arrowhead,2021-22,9,,nh
Arrowhead,2022-23,10,,nh
Ascutney,1997-98,39,,vt
Ascutney,1999-00,43,599,vt
Ascutney,2000-01,46,699,vt
Ascutney,2001-02,49,799,vt
Ascutney,2002-03,52,799,vt
Ascutney,2003-04,54,799,vt
Ascutney,2004-05,55,819,vt
Ascutney,2005-06,56,819,vt
Ascutney,2006-07,58,829,vt
Ascutney,2007-08,60,829,vt
Ascutney,2008-09,62,839,vt
Ascutney,2009-10,62,839,vt
Ascutney,2015-16,0,,vt
Ascutney,2016-17,0,,vt
Ascutney,2017-18,0,,vt
Ascutney,2019-20,15,100,vt
Ascutney,2020-21,15,100,vt
Ascutney,2021-22,20,100,vt
Ascutney,2022-23,20,100,vt
Attitash,1997-98,46,,nh
Attitash,1998-99,48,,nh
Attitash,1999-00,48,,nh
Attitash,2000-01,49,,nh
Attitash,2001-02,49,,nh
Attitash,2002-03,,1249,nh
Attitash,2003-04,49,699,nh
Attitash,2004-05,55,1100,nh
Attitash,2005-06,59,1300,nh
Attitash,2006-07,65,1200,nh
Attitash,2007-08,65,699,nh
Attitash,2008-09,69,779,nh
Attitash,2009-10,69,,nh
Attitash,2010-11,70,799,nh
Attitash,2011-12,70,799,nh
Attitash,2012-13,70,799,nh
Attitash,2013-14,70,799,nh
Attitash,2014-15,75,829,nh
Attitash,2015-16,79,859,nh
Attitash,2016-17,79,999,nh
Attitash,2017-18,85,999,nh
Attitash,2018-19,89,1129,nh
Attitash,2019-20,89,739,nh
Attitash,2020-21,94,639,nh
Attitash,2021-22,99,499,nh
Attitash,2022-23,115,557,nh
Attitash,2023-24,129,,nh
Baker Mountain,2017-18,12,100,me
Baker Mountain,2018-19,12,100,me
Baker Mountain,2019-20,15,125,me
Baker Mountain,2021-22,15,125,me
Baker Mountain,2022-23,15,140,me
Balsams Wilderness,1998-99,30,,nh
Balsams Wilderness,1999-00,30,,nh
Balsams Wilderness,2003-04,35,,nh
Balsams Wilderness,2004-05,35,,nh
Balsams Wilderness,2005-06,35,,nh
Balsams Wilderness,2006-07,38,,nh
Balsams Wilderness,2007-08,38,499,nh
Balsams Wilderness,2008-09,38,,nh
Balsams Wilderness,2009-10,38,,nh
Balsams Wilderness,2010-11,45,,nh
Bear Creek Mountain Club,2003-04,75,,vt
Bear Creek Mountain Club,2004-05,75,,vt
Bear Creek Mountain Club,2005-06,75,,vt
Bear Creek Mountain Club,2006-07,75,,vt
Bear Creek Mountain Club,2007-08,75,,vt
Bear Creek Mountain Club,2008-09,75,,vt
Bellows Falls,2007-08,2,,vt
Bellows Falls,2008-09,3,,vt
Bellows Falls,2013-14,3,,vt
Berkshire East,1997-98,35,,ma
Berkshire East,1998-99,35,399,ma
Berkshire East,1999-00,35,399,ma
Berkshire East,2000-01,35,379,ma
Berkshire East,2001-02,38,399,ma
Berkshire East,2002-03,38,399,ma
Berkshire East,2003-04,40,429,ma
Berkshire East,2004-05,42,429,ma
Berkshire East,2005-06,45,429,ma
Berkshire East,2006-07,48,429,ma
Berkshire East,2007-08,50,449,ma
Berkshire East,2008-09,52,459,ma
Berkshire East,2009-10,55,479,ma
Berkshire East,2010-11,58,499,ma
Berkshire East,2011-12,58,519,ma
Berkshire East,2012-13,58,519,ma
Berkshire East,2013-14,60,519,ma
Berkshire East,2014-15,60,539,ma
Berkshire East,2015-16,62,569,ma
Berkshire East,2016-17,65,659,ma
Berkshire East,2017-18,68,659,ma
Berkshire East,2018-19,74,659,ma
Berkshire East,2019-20,77,659,ma
Berkshire East,2020-21,83,659,ma
Berkshire East,2021-22,104,679,ma
Berkshire East,2022-23,104,704,ma
Big Rock,2003-04,20,325,me
Big Rock,2004-05,20,325,me
Big Rock,2005-06,25,325,me
Big Rock,2006-07,25,325,me
Big Rock,2007-08,28,250,me
Big Rock,2008-09,30,275,me
Big Rock,2009-10,30,275,me
Big Rock,2010-11,30,275,me
Big Rock,2011-12,30,300,me
Big Rock,2012-13,15,150,me
Big Rock,2013-14,35,350,me
Big Rock,2014-15,38,385,me
Big Rock,2015-16,38,385,me
Big Rock,2016-17,38,385,me
Big Rock,2017-18,38,385,me
Big Rock,2018-19,40,395,me
Big Rock,2019-20,40,420,me
Big Rock,2020-21,40,420,me
Big Rock,2021-22,45,435,me
Big Rock,2022-23,55,495,me
Big Rock,2023-24,60,,me
Big Squaw,1999-00,20,,me
Big Squaw,2002-03,25,,me
Big Squaw,2003-04,19,,me
Big Squaw,2004-05,19,,me
Big Squaw,2005-06,19,,me
Big Squaw,2006-07,20,,me
Big Squaw,2007-08,25,,me
Big Squaw,2008-09,25,,me
Big Squaw,2009-10,25,,me
Big Squaw,2012-13,25,,me
Big Squaw,2013-14,25,250,me
Big Squaw,2014-15,25,250,me
Big Squaw,2015-16,25,250,me
Big Squaw,2016-17,30,250,me
Big Squaw,2017-18,30,250,me
Big Squaw,2018-19,30,250,me
Big Squaw,2019-20,30,250,me
Big Squaw,2020-21,30,,me
Big Squaw,2021-22,30,,me
Big Squaw,2022-23,40,,me
Black Mountain Maine,2003-04,17,295,me
Black Mountain Maine,2004-05,18,249,me
Black Mountain Maine,2005-06,20,,me
Black Mountain Maine,2006-07,20,269,me
Black Mountain Maine,2007-08,25,269,me
Black Mountain Maine,2008-09,30,249,me
Black Mountain Maine,2009-10,29,249,me
Black Mountain Maine,2011-12,34,269,me
Black Mountain Maine,2012-13,15,150,me
Black Mountain Maine,2013-14,15,150,me
Black Mountain Maine,2014-15,25,250,me
Black Mountain Maine,2015-16,29,295,me
Black Mountain Maine,2016-17,37,295,me
Black Mountain Maine,2017-18,37,370,me
Black Mountain Maine,2018-19,45,450,me
Black Mountain Maine,2019-20,45,450,me
Black Mountain Maine,2020-21,45,450,me
Black Mountain Maine,2021-22,55,450,me
Black Mountain Maine,2022-23,55,495,me
Black Mountain Maine,2023-24,55,525,me
Black Mountain NH,1997-98,32,,nh
Black Mountain NH,1999-00,32,,nh
Black Mountain NH,2000-01,32,,nh
Black Mountain NH,2001-02,32,,nh
Black Mountain NH,2002-03,32,499,nh
Black Mountain NH,2003-04,32,,nh
Black Mountain NH,2004-05,32,499,nh
Black Mountain NH,2005-06,32,499,nh
Black Mountain NH,2006-07,32,499,nh
Black Mountain NH,2007-08,39,499,nh
Black Mountain NH,2008-09,39,,nh
Black Mountain NH,2009-10,39,499,nh
Black Mountain NH,2010-11,45,469,nh
Black Mountain NH,2011-12,45,469,nh
Black Mountain NH,2012-13,49,575,nh
Black Mountain NH,2013-14,49,600,nh
Black Mountain NH,2014-15,55,700,nh
Black Mountain NH,2015-16,55,700,nh
Black Mountain NH,2016-17,55,700,nh
Black Mountain NH,2017-18,59,599,nh
Black Mountain NH,2018-19,59,599,nh
Black Mountain NH,2019-20,62,599,nh
Black Mountain NH,2020-21,62,599,nh
Black Mountain NH,2021-22,72,,nh
Black Mountain NH,2022-23,85,649,nh
Blandford,1999-00,24,,ma
Blandford,2013-14,47,349,ma
Blandford,2014-15,44,349,ma
Blue Hills,1999-00,23,,ma
Blue Hills,2000-01,28,385,ma
Blue Hills,2002-03,28,,ma
Blue Hills,2003-04,33,400,ma
Blue Hills,2004-05,33,400,ma
Blue Hills,2005-06,36,,ma
Blue Hills,2006-07,38,,ma
Blue Hills,2007-08,33,230,ma
Blue Hills,2008-09,36,349,ma
Blue Hills,2009-10,36,359,ma
Blue Hills,2010-11,36,385,ma
Blue Hills,2011-12,38,385,ma
Blue Hills,2012-13,35,400,ma
Blue Hills,2013-14,39,449,ma
Blue Hills,2014-15,40,449,ma
Blue Hills,2015-16,45,499,ma
Blue Hills,2016-17,47,499,ma
Blue Hills,2017-18,45,449,ma
Blue Hills,2018-19,45,449,ma
Blue Hills,2019-20,50,459,ma
Blue Hills,2020-21,,499,ma
Blue Hills,2021-22,58,519,ma
Blue Hills,2022-23,65,519,ma
Blue Hills,2023-24,65,,ma
Bolton Valley,1997-98,38,375,vt
Bolton Valley,1999-00,39,499,vt
Bolton Valley,2000-01,39,586.95,vt
Bolton Valley,2001-02,44,576.45,vt
Bolton Valley,2002-03,,418.95,vt
Bolton Valley,2003-04,49,528.94,vt
Bolton Valley,2004-05,48,486.54,vt
Bolton Valley,2005-06,49,528.94,vt
Bolton Valley,2006-07,52,634.94,vt
Bolton Valley,2007-08,55,634.94,vt
Bolton Valley,2008-09,59,634.94,vt
Bolton Valley,2009-10,59,592.54,vt
Bolton Valley,2010-11,59,581.94,vt
Bolton Valley,2011-12,64,634.94,vt
Bolton Valley,2012-13,66,666.74,vt
Bolton Valley,2013-14,69,569,vt
Bolton Valley,2014-15,69,677.34,vt
Bolton Valley,2015-16,69,687.94,vt
Bolton Valley,2016-17,69,687.94,vt
Bolton Valley,2017-18,74,687.94,vt
Bolton Valley,2018-19,79,740.94,vt
Bolton Valley,2019-20,80,719.74,vt
Bolton Valley,2020-21,94,699,vt
Bolton Valley,2021-22,94,952.94,vt
Bolton Valley,2022-23,94,952.94,vt
Bousquet,1997-98,20,,ma
Bousquet,1998-99,20,,ma
Bousquet,1999-00,25,325,ma
Bousquet,2000-01,25,,ma
Bousquet,2001-02,25,,ma
Bousquet,2002-03,25,,ma
Bousquet,2003-04,25,325,ma
Bousquet,2004-05,30,325,ma
Bousquet,2005-06,32,325,ma
Bousquet,2006-07,32,325,ma
Bousquet,2007-08,37,325,ma
Bousquet,2008-09,40,325,ma
Bousquet,2009-10,37,,ma
Bousquet,2010-11,37,325,ma
Bousquet,2019-20,47,399,ma
Bousquet,2020-21,67,449,ma
Bousquet,2021-22,72,469,ma
Bousquet,2022-23,75,599,ma
Bousquet Mountain,2011-12,42,350,ma
Bousquet Mountain,2012-13,42,350,ma
Bousquet Mountain,2013-14,45,375,ma
Bousquet Mountain,2014-15,45,389,ma
Bousquet Mountain,2015-16,45,399,ma
Bousquet Mountain,2016-17,45,399,ma
Bousquet Mountain,2017-18,47,399,ma
Bousquet Mountain,2018-19,47,399,ma
Bradford,1999-00,25,,ma
Brattleboro Ski Hill,2002-03,10,,nh
Brattleboro Ski Hill,2003-04,10,50,nh
Brattleboro Ski Hill,2004-05,10,,nh
Brattleboro Ski Hill,2008-09,10,,nh
Brattleboro Ski Hill,2009-10,10,,nh
Brattleboro Ski Hill,2010-11,10,,nh
Brattleboro Ski Hill,2011-12,10,50,nh
Brattleboro Ski Hill,2012-13,20,,nh
Brattleboro Ski Hill,2013-14,20,100,nh
Brattleboro Ski Hill,2014-15,20,100,nh
Brattleboro Ski Hill,2015-16,20,100,nh
Brattleboro Ski Hill,2016-17,20,100,nh
Brattleboro Ski Hill,2017-18,20,100,nh
Brattleboro Ski Hill,2018-19,20,100,nh
Brattleboro Ski Hill,2019-20,20,100,nh
Bretton Woods,1998-99,44,,vt
Bretton Woods,1999-00,49,920,nh
Bretton Woods,2000-01,51,1050,nh
Bretton Woods,2001-02,53,1095,nh
Bretton Woods,2002-03,57,1179,nh
Bretton Woods,2003-04,59,1180,nh
Bretton Woods,2004-05,59,1180,nh
Bretton Woods,2005-06,64,499,nh
Bretton Woods,2006-07,64,499,nh
Bretton Woods,2007-08,69,749,nh
Bretton Woods,2008-09,74,849,nh
Bretton Woods,2009-10,74,899,nh
Bretton Woods,2010-11,76,899,nh
Bretton Woods,2011-12,78,1119,nh
Bretton Woods,2012-13,79,899,nh
Bretton Woods,2013-14,82,999,nh
Bretton Woods,2014-15,85,999,nh
Bretton Woods,2015-16,89,999,nh
Bretton Woods,2016-17,89,1049,nh
Bretton Woods,2017-18,93,1069,nh
Bretton Woods,2018-19,99,1069,nh
Bretton Woods,2019-20,104,1109,nh
Bretton Woods,2020-21,115,,nh
Bretton Woods,2021-22,119,1199,nh
Bretton Woods,2022-23,129,1259,nh
Bretton Woods,2023-24,139,1329,nh
Brodie,1997-98,39,,ma
Brodie,1998-99,39,,ma
Brodie,1999-00,40,,ma
Brodie Mountain,2000-01,40,,ma
Brodie Mountain,2001-02,29,,ma
Bromley,1997-98,43,890,vt
Bromley,1998-99,46,925,vt
Bromley,1999-00,47,925,vt
Bromley,2000-01,49,925,vt
Bromley,2001-02,51,925,vt
Bromley,2002-03,52,950,vt
Bromley,2003-04,54,1007,vt
Bromley,2004-05,57,1007,vt
Bromley,2005-06,59,1033.5,vt
Bromley,2006-07,61,1054.7,vt
Bromley,2007-08,63,1054.7,vt
Bromley,2008-09,63,1054.7,vt
Bromley,2009-10,65,,vt
Bromley,2010-11,65,1054.7,vt
Bromley,2011-12,65,1054.7,vt
Bromley,2012-13,67,1111.94,vt
Bromley,2013-14,68,1111.94,vt
Bromley,2014-15,71,1111.94,vt
Bromley,2015-16,73,1144.8,vt
Bromley,2016-17,74,1144.8,vt
Bromley,2017-18,80,1144.8,vt
Bromley,2018-19,87,1144.8,vt
Bromley,2019-20,92,1144.8,vt
Bromley,2020-21,85,1144.8,vt
Bromley,2021-22,89,1160.7,vt
Bromley,2022-23,96,1196.74,vt
Burke,1997-98,38,675,vt
Burke,1998-99,42,725,vt
Burke,1999-00,42,725,vt
Burke,2000-01,39,,vt
Burke,2001-02,39,529,vt
Burke,2002-03,39,579,vt
Burke,2003-04,45,,vt
Burke,2004-05,47,569,vt
Burke,2005-06,52,599,vt
Burke,2006-07,54,599,vt
Burke,2007-08,54,,vt
Burke,2008-09,57,,vt
Burke,2009-10,59,629,vt
Burke,2010-11,66,,vt
Burke,2011-12,68,699,vt
Burke,2012-13,68,799,vt
Burke,2014-15,64,899,vt
Burke,2015-16,64,899,vt
Burke,2016-17,64,899,vt
Burke,2017-18,69,929,vt
Burke,2018-19,73,959,vt
Burke,2019-20,75,979,vt
Burke,2020-21,77,999,vt
Burke,2021-22,85,1009,vt
Burke,2022-23,89,1019,vt
Camden Snow Bowl,1998-99,28,360,me
Camden Snow Bowl,1999-00,29,360,me
Camden Snow Bowl,2000-01,28,360,me
Camden Snow Bowl,2001-02,28,360,me
Camden Snow Bowl,2002-03,28,360,me
Camden Snow Bowl,2003-04,28,390,me
Camden Snow Bowl,2005-06,30,425,me
Camden Snow Bowl,2006-07,30,425,me
Camden Snow Bowl,2007-08,30,425,me
Camden Snow Bowl,2008-09,33,446,me
Camden Snow Bowl,2009-10,33,446,me
Camden Snow Bowl,2010-11,33,446,me
Camden Snow Bowl,2011-12,35,468,me
Camden Snow Bowl,2012-13,35,468,me
Camden Snow Bowl,2013-14,35,468,me
Camden Snow Bowl,2014-15,39,499,me
Camden Snow Bowl,2015-16,39,529,me
Camden Snow Bowl,2016-17,43,529,me
Camden Snow Bowl,2017-18,43,529,me
Camden Snow Bowl,2018-19,43,529,me
Camden Snow Bowl,2019-20,43,529,me
Camden Snow Bowl,2020-21,43,529,me
Camden Snow Bowl,2021-22,45,545,me
Camden Snow Bowl,2022-23,47,545,me
Camden Snow Bowl,2023-24,48,550,me
Campton,2001-02,16,,nh
Campton,2002-03,16,,nh
Campton,2010-11,20,,nh
Campton,2011-12,12,,nh
Campton,2012-13,12,,nh
Campton,2013-14,12,,nh
Campton,2014-15,15,,nh
Campton,2015-16,15,100,nh
Campton,2016-17,15,100,nh
Campton,2017-18,20,,nh
Campton,2018-19,20,,nh
Campton,2019-20,22,,nh
Cannon,1997-98,37,695,nh
Cannon,1998-99,39,730,nh
Cannon,1999-00,42,,nh
Cannon,2000-01,42,730,nh
Cannon,2001-02,44,730,nh
Cannon,2002-03,45,730,nh
Cannon,2003-04,45,730,nh
Cannon,2004-05,,595,nh
Cannon,2006-07,54,595,nh
Cannon,2007-08,60,630,nh
Cannon,2008-09,64,670,nh
Cannon,2009-10,66,699,nh
Cannon,2010-11,67,729,nh
Cannon,2011-12,68,760,nh
Cannon,2012-13,70,785,nh
Cannon,2013-14,72,799,nh
Cannon,2014-15,74,829,nh
Cannon,2015-16,75,859,nh
Cannon,2016-17,75,859,nh
Cannon,2017-18,77,889,nh
Cannon,2018-19,79,799,nh
Cannon,2019-20,82,829,nh
Cannon,2020-21,89,,nh
Cannon,2021-22,99,839,nh
Cannon,2022-23,109,859,nh
Cannon,2023-24,116,,nh
Catamount,1997-98,39,530,ma
Catamount,1998-99,39,,ma
Catamount,1999-00,40,,ma
Catamount,2000-01,41,,ma
Catamount,2001-02,43,,ma
Catamount,2002-03,44,,ma
Catamount,2003-04,45,349,ma
Catamount,2004-05,46,349,ma
Catamount,2005-06,48,349,ma
Catamount,2006-07,50,349,ma
Catamount,2007-08,52,379,ma
Catamount,2008-09,56,399,ma
Catamount,2009-10,58,,ma
Catamount,2010-11,59,419,ma
Catamount,2011-12,61,429,ma
Catamount,2012-13,61,429,ma
Catamount,2013-14,62,429,ma
Catamount,2014-15,63,465,ma
Catamount,2015-16,65,495,ma
Catamount,2016-17,66,510,ma
Catamount,2017-18,68,550,ma
Catamount,2018-19,74,550,ma
Catamount,2019-20,77,659,ma
Catamount,2020-21,87,659,ma
Catamount,2021-22,104,679,ma
Catamount,2022-23,104,704,ma
Catamount,2023-24,110,,ma
Cochran's Ski Area,1998-99,12,,vt
Cochran's Ski Area,1999-00,12,,vt
Cochran's Ski Area,2000-01,12,,vt
Cochran's Ski Area,2001-02,12,,vt
Cochran's Ski Area,2002-03,15,,vt
Cochran's Ski Area,2003-04,15,,vt
Cochran's Ski Area,2004-05,15,,vt
Cochran's Ski Area,2005-06,18,,vt
Cochran's Ski Area,2006-07,18,,vt
Cochran's Ski Area,2007-08,18,,vt
Cochran's Ski Area,2008-09,20,,vt
Cochran's Ski Area,2010-11,20,,vt
Cochran's Ski Area,2011-12,20,,vt
Cochran's Ski Area,2012-13,20,,vt
Cochran's Ski Area,2013-14,20,,vt
Cochran's Ski Area,2014-15,20,,vt
Cochran's Ski Area,2018-19,25,195,vt
Cochran's Ski Area,2019-20,19,195,vt
Cochran's Ski Area,2020-21,19,195,vt
Cochran's Ski Area,2021-22,19,195,vt
Cochran's Ski Area,2022-23,19,195,vt
Cog Railway,2004-05,59,,vt
Cog Railway,2005-06,59,,vt
Cranmore,1997-98,39,,nh
Cranmore,1998-99,29,,nh
Cranmore,1999-00,29,,nh
Cranmore,2000-01,29,459,nh
Cranmore,2001-02,32,489,nh
Cranmore,2002-03,35,459,nh
Cranmore,2003-04,35,349,nh
Cranmore,2004-05,39,349,nh
Cranmore,2005-06,45,399,nh
Cranmore,2006-07,47,429,nh
Cranmore,2007-08,49,499,nh
Cranmore,2008-09,55,529,nh
Cranmore,2009-10,55,529,nh
Cranmore,2010-11,59,569,nh
Cranmore,2011-12,64,619,nh
Cranmore,2012-13,59,639,nh
Cranmore,2013-14,63,639,nh
Cranmore,2014-15,64,679,nh
Cranmore,2015-16,70,699,nh
Cranmore,2016-17,72,729,nh
Cranmore,2017-18,75,749,nh
Cranmore,2018-19,83,855,nh
Cranmore,2019-20,89,879,nh
Cranmore,2020-21,99,,nh
Cranmore,2021-22,99,959,nh
Cranmore,2022-23,109,,nh
Cranmore,2023-24,119,,nh
Crotched Mountain,2003-04,45,449,nh
Crotched Mountain,2004-05,39,449,nh
Crotched Mountain,2005-06,44,469,nh
Crotched Mountain,2006-07,47,469,nh
Crotched Mountain,2007-08,48,499,nh
Crotched Mountain,2008-09,51,608,nh
Crotched Mountain,2009-10,51,608,nh
Crotched Mountain,2010-11,54,599,nh
Crotched Mountain,2011-12,54,599,nh
Crotched Mountain,2012-13,59,649,nh
Crotched Mountain,2013-14,62,549,nh
Crotched Mountain,2014-15,62,569,nh
Crotched Mountain,2015-16,64,589,nh
Crotched Mountain,2016-17,64,899,nh
Crotched Mountain,2017-18,69,899,nh
Crotched Mountain,2018-19,69,1129,nh
Crotched Mountain,2019-20,71,739,nh
Crotched Mountain,2020-21,75,639,nh
Crotched Mountain,2021-22,78,499,nh
Crotched Mountain,2022-23,89,557,nh
Crotched Mountain,2023-24,95,,nh
Dartmouth Skiway,1998-99,29,,nh
Dartmouth Skiway,1999-00,30,,nh
Dartmouth Skiway,2000-01,31,,nh
Dartmouth Skiway,2001-02,34,,nh
Dartmouth Skiway,2002-03,36,500,nh
Dartmouth Skiway,2003-04,38,510,nh
Dartmouth Skiway,2004-05,38,515,nh
Dartmouth Skiway,2005-06,40,475,nh
Dartmouth Skiway,2006-07,40,475,nh
Dartmouth Skiway,2007-08,40,,nh
Dartmouth Skiway,2008-09,40,475,nh
Dartmouth Skiway,2009-10,40,475,nh
Dartmouth Skiway,2010-11,40,475,nh
Dartmouth Skiway,2011-12,43,,nh
Dartmouth Skiway,2012-13,45,,nh
Dartmouth Skiway,2013-14,45,,nh
Dartmouth Skiway,2014-15,47,545,nh
Dartmouth Skiway,2015-16,47,545,nh
Dartmouth Skiway,2016-17,48,555,nh
Dartmouth Skiway,2017-18,49,449,nh
Dartmouth Skiway,2018-19,50,405,nh
Dartmouth Skiway,2019-20,53,465,nh
Dartmouth Skiway,2020-21,53,,nh
Dartmouth Skiway,2021-22,53,455,nh
Dartmouth Skiway,2022-23,65,539,nh
Dartmouth Skiway,2023-24,65,599,nh
Eaton Mountain,1999-00,18,,me
Eaton Mountain,2000-01,19,300,me
Eaton Mountain,2001-02,20,310,me
Eaton Mountain,2002-03,22,310,me
Eaton Mountain,2003-04,22,310,me
Eaton Mountain,2004-05,22,310,me
Eaton Mountain,2005-06,23,310,me
Eaton Mountain,2006-07,23,310,me
Eaton Mountain,2014-15,15,150,me
Eaton Mountain,2015-16,15,125,me
Eaton Mountain,2016-17,15,,me
Eaton Mountain,2017-18,12,100,me
Eaton Mountain,2018-19,15,,me
Gateway Hills,2016-17,25,,nh
Gateway Hills,2017-18,35,,nh
Granite Gorge,2003-04,20,,nh
Granite Gorge,2004-05,20,,nh
Granite Gorge,2005-06,29,,nh
Granite Gorge,2006-07,29,299,nh
Granite Gorge,2007-08,29,299,nh
Granite Gorge,2008-09,39,,nh
Granite Gorge,2009-10,45,,nh
Granite Gorge,2010-11,42,,nh
Granite Gorge,2011-12,42,399,nh
Granite Gorge,2012-13,45,,nh
Granite Gorge,2013-14,47,425,nh
Granite Gorge,2014-15,47,445,nh
Granite Gorge,2015-16,49,445,nh
Granite Gorge,2016-17,49,445,nh
Granite Gorge,2017-18,33,299,nh
Granite Gorge,2018-19,29,,nh
Granite Gorge,2019-20,30,,nh
Granite Gorge,2022-23,,399,nh
Granite Gorge,2023-24,,399,nh
Gunstock,1997-98,39,785,nh
Gunstock,1998-99,,900,nh
Gunstock,1999-00,42,650,nh
Gunstock,2000-01,42,399,nh
Gunstock,2001-02,45,449,nh
Gunstock,2002-03,46,449,nh
Gunstock,2003-04,49,479,nh
Gunstock,2005-06,52,549,nh
Gunstock,2006-07,56,549,nh
Gunstock,2007-08,59,499,nh
Gunstock,2008-09,64,499,nh
Gunstock,2009-10,66,519,nh
Gunstock,2010-11,69,539,nh
Gunstock,2011-12,72,579,nh
Gunstock,2012-13,72,575,nh
Gunstock,2013-14,75,599,nh
Gunstock,2014-15,78,639,nh
Gunstock,2015-16,82,659,nh
Gunstock,2016-17,86,679,nh
Gunstock,2017-18,88,649,nh
Gunstock,2018-19,92,659,nh
Gunstock,2019-20,96,749,nh
Gunstock,2020-21,96,899,nh
Gunstock,2021-22,96,899,nh
Gunstock,2022-23,99,899,nh
Gunstock,2023-24,,899,nh
Haystack,1997-98,37,599,vt
Haystack,1998-99,39,635,vt
Haystack,2000-01,35,,vt
Haystack,2001-02,38,,vt
Haystack,2002-03,43,,vt
Haystack,2003-04,45,369,vt
Haystack,2004-05,48,369,vt
Hermon Mountain,1999-00,18,,me
Hermon Mountain,2004-05,20,,me
Hermon Mountain,2006-07,20,255,me
Hermon Mountain,2007-08,20,255,me
Hermon Mountain,2008-09,25,275,me
Hermon Mountain,2009-10,,275,me
Hermon Mountain,2011-12,25,275,me
Hermon Mountain,2012-13,25,275,me
Hermon Mountain,2013-14,27,275,me
Hermon Mountain,2014-15,27,275,me
Hermon Mountain,2015-16,27,275,me
Hermon Mountain,2016-17,27,275,me
Hermon Mountain,2017-18,32,350,me
Hermon Mountain,2018-19,32,350,me
Hermon Mountain,2019-20,35,385,me
Hermon Mountain,2021-22,55,520,me
Hermon Mountain,2022-23,55,530,me
Jay Peak,1997-98,42,475,vt
Jay Peak,1999-00,49,798,vt
Jay Peak,2000-01,49,798,vt
Jay Peak,2001-02,52,,vt
Jay Peak,2002-03,53,577.5,vt
Jay Peak,2003-04,54,,vt
Jay Peak,2004-05,56,,vt
Jay Peak,2005-06,58,,vt
Jay Peak,2006-07,59,,vt
Jay Peak,2007-08,62,,vt
Jay Peak,2008-09,65,,vt
Jay Peak,2009-10,67,,vt
Jay Peak,2010-11,69,,vt
Jay Peak,2011-12,75,,vt
Jay Peak,2012-13,69,952.94,vt
Jay Peak,2013-14,69,952.94,vt
Jay Peak,2014-15,72,952.94,vt
Jay Peak,2015-16,79,974.14,vt
Jay Peak,2016-17,82,974.14,vt
Jay Peak,2017-18,84,1027.14,vt
Jay Peak,2018-19,89,1058.94,vt
Jay Peak,2019-20,89,1019,vt
Jay Peak,2020-21,92,1090.74,vt
Jay Peak,2021-22,96,1101.34,vt
Jay Peak,2022-23,109,1133.14,vt
Jiminy Peak,1997-98,39,,ma
Jiminy Peak,1998-99,42,,ma
Jiminy Peak,1999-00,44,,ma
Jiminy Peak,2000-01,46,,ma
Jiminy Peak,2001-02,48,,ma
Jiminy Peak,2002-03,49,699,ma
Jiminy Peak,2003-04,52,699,ma
Jiminy Peak,2004-05,52,759,ma
Jiminy Peak,2005-06,55,759,ma
Jiminy Peak,2006-07,57,799,ma
Jiminy Peak,2007-08,59,799,ma
Jiminy Peak,2008-09,56,849,ma
Jiminy Peak,2009-10,58,,ma
Jiminy Peak,2010-11,59,875,ma
Jiminy Peak,2011-12,61,875,ma
Jiminy Peak,2012-13,61,875,ma
Jiminy Peak,2013-14,67,910,ma
Jiminy Peak,2014-15,69,935,ma
Jiminy Peak,2015-16,71,965,ma
Jiminy Peak,2016-17,74,1013,ma
Jiminy Peak,2017-18,76,1013,ma
Jiminy Peak,2018-19,81,1050,ma
Jiminy Peak,2019-20,84,1080,ma
Jiminy Peak,2020-21,99,1119,ma
Jiminy Peak,2021-22,99,1156,ma
Jiminy Peak,2022-23,109,1254,ma
Jiminy Peak,2023-24,114,1329,ma
Killington,1997-98,51.45,1249,vt
Killington,1998-99,52,1299,vt
Killington,1999-00,56,1249,vt
Killington,2000-01,58,1249,vt
Killington,2001-02,62,1099,vt
Killington,2002-03,64,,vt
Killington,2003-04,67,,vt
Killington,2004-05,,1100,vt
Killington,2005-06,69,1300,vt
Killington,2006-07,72,1400,vt
Killington,2007-08,79,1376.94,vt
Killington,2008-09,82,1443.43,vt
Killington,2009-10,82,1336.43,vt
Killington,2010-11,84,1389.93,vt
Killington,2011-12,86,1443.43,vt
Killington,2012-13,88,1443.43,vt
Killington,2013-14,89,1389.93,vt
Killington,2014-15,92,1443.43,vt
Killington,2015-16,96,1464.83,vt
Killington,2016-17,105,1486.23,vt
Killington,2017-18,115,1261.53,vt
Killington,2018-19,129,1292.14,vt
Killington,2019-20,130,1336.43,vt
Killington,2020-21,170,1582.53,vt
Killington,2021-22,184.14,1567.74,vt
Killington,2022-23,200.34,1705.54,vt
King Pine,1998-99,29,,nh
King Pine,1999-00,29,,nh
King Pine,2000-01,29,,nh
King Pine,2001-02,29,498,nh
King Pine,2002-03,,498,nh
King Pine,2003-04,32,,nh
King Pine,2004-05,34,498,nh
King Pine,2005-06,36,498,nh
King Pine,2006-07,,498,nh
King Pine,2007-08,39,498,nh
King Pine,2008-09,42,498,nh
King Pine,2009-10,44,525,nh
King Pine,2010-11,45,525,nh
King Pine,2011-12,47,545,nh
King Pine,2012-13,47,545,nh
King Pine,2013-14,49,560,nh
King Pine,2014-15,52,560,nh
King Pine,2015-16,52,560,nh
King Pine,2016-17,55,560,nh
King Pine,2017-18,55,560,nh
King Pine,2018-19,58,595,nh
King Pine,2019-20,59,595,nh
King Pine,2020-21,65,600,nh
King Pine,2021-22,72,,nh
King Pine,2022-23,75,629,nh
King Pine,2023-24,79,689,nh
Living Memorial Park,2004-05,5,,vt
Living Memorial Park,2005-06,5,,vt
Living Memorial Park,2006-07,5,,vt
Living Memorial Park,2007-08,5,,vt
Living Memorial Park,2008-09,,105,vt
Living Memorial Park,2009-10,,120,vt
Living Memorial Park,2010-11,,120,vt
Living Memorial Park,2011-12,5,,vt
Living Memorial Park,2012-13,5,,vt
Living Memorial Park,2013-14,5,,vt
Living Memorial Park,2014-15,5,,vt
Living Memorial Park,2015-16,5,75,vt
Living Memorial Park,2016-17,5,75,vt
Living Memorial Park,2017-18,5,75,vt
Living Memorial Park,2021-22,,175,vt
Lonesome Pine,2009-10,20,,me
Lonesome Pine,2010-11,20,,me
Lonesome Pine,2011-12,20,,me
Lonesome Pine,2012-13,20,,me
Lonesome Pine,2013-14,20,,me
Lonesome Pine,2014-15,20,,me
Lonesome Pine,2015-16,20,195,me
Lonesome Pine,2016-17,20,195,me
Lonesome Pine,2017-18,20,195,me
Lonesome Pine,2018-19,25,205,me
Lonesome Pine,2019-20,25,205,me
Lonesome Pine,2020-21,25,205,me
Lonesome Pine,2022-23,25,215,me
Loon Mountain,1997-98,45,1080,nh
Loon Mountain,1998-99,46,,nh
Loon Mountain,1999-00,47,,nh
Loon Mountain,2000-01,49,,nh
Loon Mountain,2001-02,51,489,nh
Loon Mountain,2002-03,54,489,nh
Loon Mountain,2003-04,54,459,nh
Loon Mountain,2004-05,59,,nh
Loon Mountain,2005-06,65,,nh
Loon Mountain,2006-07,67,569,nh
Loon Mountain,2007-08,69,849,nh
Loon Mountain,2008-09,73,1049,nh
Loon Mountain,2009-10,73,1049,nh
Loon Mountain,2010-11,76,1079,nh
Loon Mountain,2011-12,78,1149,nh
Loon Mountain,2012-13,79,1175,nh
Loon Mountain,2013-14,81,1210,nh
Loon Mountain,2014-15,83,1245,nh
Loon Mountain,2015-16,85,1245,nh
Loon Mountain,2016-17,95,1309,nh
Loon Mountain,2017-18,96,1349,nh
Loon Mountain,2018-19,98,1389,nh
Loon Mountain,2019-20,104,1419,nh
Loon Mountain,2020-21,104,,nh
Loon Mountain,2021-22,120,1599,nh
Loon Mountain,2022-23,129,,nh
Loon Mountain,2023-24,139,,nh
Lost Valley,1997-98,30,450,me
Lost Valley,1998-99,30,450,me
Lost Valley,1999-00,30,,me
Lost Valley,2000-01,30,,me
Lost Valley,2001-02,30,440,me
Lost Valley,2002-03,31,440,me
Lost Valley,2003-04,31,440,me
Lost Valley,2004-05,31,440,me
Lost Valley,2005-06,33,376,me
Lost Valley,2006-07,35,399,me
Lost Valley,2007-08,35,399,me
Lost Valley,2008-09,45,455,me
Lost Valley,2011-12,45,455,me
Lost Valley,2012-13,45,455,me
Lost Valley,2013-14,45,455,me
Lost Valley,2014-15,40,399,me
Lost Valley,2015-16,45,499,me
Lost Valley,2016-17,45,499,me
Lost Valley,2017-18,49,499,me
Lost Valley,2018-19,55,549,me
Lost Valley,2019-20,60,575,me
Lost Valley,2020-21,60,595,me
Lost Valley,2021-22,60,595,me
Lost Valley,2022-23,66,645,me
Lost Valley,2023-24,69,695,me
Lyndon Outing Club,2007-08,15,,vt
Lyndon Outing Club,2012-13,15,,vt
Lyndon Outing Club,2013-14,15,,vt
Lyndon Outing Club,2014-15,15,,vt
Lyndon Outing Club,2016-17,15,,vt
Lyndon Outing Club,2017-18,15,,vt
Lyndon Outing Club,2018-19,15,,vt
Lyndon Outing Club,2019-20,15,,vt
Lyndon Outing Club,2020-21,15,,vt
Lyndon Outing Club,2021-22,15,,vt
Lyndon Outing Club,2022-23,15,,vt
Mad River Glen,1997-98,34,620,vt
Mad River Glen,1998-99,36,,vt
Mad River Glen,1999-00,36,650,vt
Mad River Glen,2000-01,40,650,vt
Mad River Glen,2001-02,40,650,vt
Mad River Glen,2002-03,42,650,vt
Mad River Glen,2003-04,45,740,vt
Mad River Glen,2004-05,50,780,vt
Mad River Glen,2005-06,50,780,vt
Mad River Glen,2006-07,54,780,vt
Mad River Glen,2007-08,54,899,vt
Mad River Glen,2008-09,60,944,vt
Mad River Glen,2009-10,62,944,vt
Mad River Glen,2010-11,65,944,vt
Mad River Glen,2011-12,66,963,vt
Mad River Glen,2012-13,69,963,vt
Mad River Glen,2013-14,71,963,vt
Mad River Glen,2014-15,75,963,vt
Mad River Glen,2015-16,79,992,vt
Mad River Glen,2016-17,79,992,vt
Mad River Glen,2017-18,89,992,vt
Mad River Glen,2018-19,89,1022.9,vt
Mad River Glen,2019-20,92,1037.74,vt
Mad River Glen,2020-21,92,1037.74,vt
Mad River Glen,2021-22,97,1058.94,vt
Mad River Glen,2022-23,99,1058.94,vt
Magic Mountain,1997-98,32,,vt
Magic Mountain,1998-99,35,295,vt
Magic Mountain,1999-00,38,695,vt
Magic Mountain,2000-01,38,595,vt
Magic Mountain,2001-02,42,499,vt
Magic Mountain,2002-03,42,499,vt
Magic Mountain,2003-04,46,549,vt
Magic Mountain,2004-05,49,549,vt
Magic Mountain,2005-06,49,599,vt
Magic Mountain,2006-07,49,349,vt
Magic Mountain,2007-08,56,449,vt
Magic Mountain,2008-09,56,439,vt
Magic Mountain,2009-10,56,429,vt
Magic Mountain,2010-11,,439,vt
Magic Mountain,2011-12,59,449,vt
Magic Mountain,2012-13,59,489,vt
Magic Mountain,2013-14,63,539,vt
Magic Mountain,2014-15,63,639,vt
Magic Mountain,2015-16,67,689,vt
Magic Mountain,2016-17,67,679,vt
Magic Mountain,2017-18,69,699,vt
Magic Mountain,2018-19,74,749,vt
Magic Mountain,2019-20,74,779,vt
Magic Mountain,2020-21,78.44,825.74,vt
Magic Mountain,2021-22,83.74,846.94,vt
Magic Mountain,2022-23,94.34,899.94,vt
Maple Valley,1999-00,28,,vt
McIntyre,2003-04,23,220,nh
McIntyre,2004-05,,230,nh
McIntyre,2006-07,27,250,nh
McIntyre,2007-08,27,,nh
McIntyre,2008-09,27,250,nh
McIntyre,2009-10,29,229,nh
McIntyre,2010-11,32,229,nh
McIntyre,2011-12,34,250,nh
McIntyre,2012-13,34,250,nh
McIntyre,2013-14,34,250,nh
McIntyre,2014-15,36,270,nh
McIntyre,2015-16,36,280,nh
McIntyre,2016-17,38,280,nh
McIntyre,2017-18,38,280,nh
McIntyre,2018-19,38,289,nh
McIntyre,2019-20,42,299,nh
McIntyre,2020-21,42,339,nh
McIntyre,2021-22,48,369,nh
McIntyre,2022-23,52,409,nh
McIntyre,2023-24,57,439,nh
Middlebury,1999-00,30,,vt
Middlebury,2000-01,30,575,vt
Middlebury,2001-02,32,585,vt
Middlebury,2002-03,32,585,vt
Middlebury,2003-04,35,585,vt
Middlebury,2005-06,37,,vt
Middlebury,2006-07,39,,vt
Middlebury,2007-08,39,450,vt
Middlebury,2008-09,42,470,vt
Middlebury,2009-10,44,,vt
Middlebury,2010-11,44,490,vt
Middlebury,2011-12,46,490,vt
Middlebury,2012-13,46,490,vt
Middlebury,2013-14,50,490,vt
Middlebury,2014-15,55,500,vt
Middlebury,2015-16,55,500,vt
Middlebury,2016-17,55,500,vt
Middlebury,2017-18,55,510,vt
Middlebury,2018-19,60,520,vt
Middlebury,2019-20,60,520,vt
Middlebury,2020-21,55,550,vt
Middlebury,2021-22,60,529,vt
Middlebury,2022-23,60,549,vt
Mohawk Mountain,1999-00,30,605,ct
Mohawk Mountain,2000-01,32,650,ct
Mohawk Mountain,2001-02,35,,ct
Mohawk Mountain,2002-03,37,690,ct
Mohawk Mountain,2003-04,39,690,ct
Mohawk Mountain,2004-05,42,660,ct
Mohawk Mountain,2005-06,42,599,ct
Mohawk Mountain,2006-07,45,599,ct
Mohawk Mountain,2007-08,47,599,ct
Mohawk Mountain,2008-09,50,599,ct
Mohawk Mountain,2009-10,50,599,ct
Mohawk Mountain,2010-11,52,,ct
Mohawk Mountain,2011-12,54,619,ct
Mohawk Mountain,2012-13,56,619,ct
Mohawk Mountain,2013-14,58,619,ct
Mohawk Mountain,2014-15,60,639,ct
Mohawk Mountain,2015-16,60,639,ct
Mohawk Mountain,2016-17,62,639,ct
Mohawk Mountain,2017-18,64,639,ct
Mohawk Mountain,2018-19,65,639,ct
Mohawk Mountain,2019-20,67,659,ct
Mohawk Mountain,2020-21,67,659,ct
Mohawk Mountain,2021-22,75,684,ct
Mohawk Mountain,2022-23,80,704,ct
Mohawk Mountain,2023-24,82,754,ct
Mount Prospect Ski Club,2008-09,7,,nh
Mount Prospect Ski Club,2009-10,7,,nh
Mount Prospect Ski Club,2010-11,7,,nh
Mount Prospect Ski Club,2011-12,7,,nh
Mount Prospect Ski Club,2012-13,7,,nh
Mount Prospect Ski Club,2013-14,7,,nh
Mount Prospect Ski Club,2014-15,7,,nh
Mount Snow,1997-98,51.45,1149,vt
Mount Snow,1998-99,52,1229,vt
Mount Snow,2000-01,55,,vt
Mount Snow,2001-02,56,,vt
Mount Snow,2002-03,61,,vt
Mount Snow,2003-04,64,1349,vt
Mount Snow,2004-05,67,1100,vt
Mount Snow,2005-06,69,1300,vt
Mount Snow,2006-07,72,1458,vt
Mount Snow,2007-08,72,949,vt
Mount Snow,2008-09,75,1049,vt
Mount Snow,2009-10,75,1049,vt
Mount Snow,2010-11,79,1199,vt
Mount Snow,2011-12,83,1249,vt
Mount Snow,2012-13,83,1249,vt
Mount Snow,2013-14,85,1279,vt
Mount Snow,2014-15,90,1329,vt
Mount Snow,2015-16,95,1329,vt
Mount Snow,2016-17,95,999,vt
Mount Snow,2017-18,100,999,vt
Mount Snow,2018-19,110,1129,vt
Mount Snow,2019-20,118,739,vt
Mount Snow,2020-21,126.14,849,vt
Mount Snow,2021-22,136.74,619,vt
Mount Snow,2022-23,153.7,735,vt
Mount Snow,2023-24,179.14,,vt
Mt. Abram,1999-00,32,,me
Mt. Abram,2000-01,33,400,me
Mt. Abram,2001-02,35,,me
Mt. Abram,2002-03,35,575,me
Mt. Abram,2003-04,37,575,me
Mt. Abram,2004-05,41,575,me
Mt. Abram,2005-06,42,595,me
Mt. Abram,2006-07,42,595,me
Mt. Abram,2007-08,43,695,me
Mt. Abram,2008-09,49,649,me
Mt. Abram,2009-10,49,,me
Mt. Abram,2010-11,49,719,me
Mt. Abram,2011-12,49,699,me
Mt. Abram,2012-13,49,730,me
Mt. Abram,2013-14,49,730,me
Mt. Abram,2014-15,49,540,me
Mt. Abram,2015-16,55,540,me
Mt. Abram,2016-17,59,619,me
Mt. Abram,2017-18,59,609,me
Mt. Abram,2018-19,49,629,me
Mt. Abram,2019-20,49,609,me
Mt. Abram,2020-21,49,599,me
Mt. Abram,2021-22,55,569,me
Mt. Abram,2022-23,35,589,me
Mt. Abram,2023-24,,599,me
Mt. Eustis,2016-17,5,,nh
Mt. Eustis,2017-18,5,,nh
Mt. Eustis,2018-19,5,,nh
Mt. Eustis,2021-22,5,50,nh
Mt. Eustis,2022-23,5,50,nh
Mt. Greylock,2016-17,,85,ma
Mt. Greylock Ski Club,2014-15,,85,ma
Mt. Greylock Ski Club,2015-16,,85,ma
Mt. Greylock Ski Club,2017-18,,85,ma
Mt. Greylock Ski Club,2018-19,,85,ma
Mt. Greylock Ski Club,2020-21,,85,ma
Mt. Greylock Ski Club,2021-22,,85,ma
Mt. Jefferson,2002-03,15,160,me
Mt. Jefferson,2003-04,15,160,me
Mt. Jefferson,2004-05,15,160,me
Mt. Jefferson,2005-06,15,160,me
Mt. Jefferson,2009-10,17,170,me
Mt. Jefferson,2011-12,20,185,me
Mt. Jefferson,2012-13,20,185,me
Mt. Jefferson,2013-14,20,185,me
Mt. Jefferson,2014-15,20,185,me
Mt. Jefferson,2015-16,20,185,me
Mt. Jefferson,2016-17,20,185,me
Mt. Jefferson,2017-18,20,185,me
Mt. Jefferson,2018-19,25,,me
Mt. Jefferson,2021-22,30,300,me
Mt. Jefferson,2022-23,40,399,me
Mt. Jefferson,2023-24,,449,me
Mt. Southington,1998-99,28,,ct
Mt. Southington,1999-00,29,,ct
Mt. Southington,2000-01,30,389,ct
Mt. Southington,2001-02,30,429,ct
Mt. Southington,2002-03,30,439,ct
Mt. Southington,2003-04,32,449,ct
Mt. Southington,2004-05,35,459,ct
Mt. Southington,2005-06,37,469,ct
Mt. Southington,2006-07,42,499,ct
Mt. Southington,2007-08,44,524,ct
Mt. Southington,2008-09,48,535,ct
Mt. Southington,2009-10,50,535,ct
Mt. Southington,2010-11,52,535,ct
Mt. Southington,2011-12,53,540,ct
Mt. Southington,2012-13,54,540,ct
Mt. Southington,2013-14,55,550,ct
Mt. Southington,2014-15,56,550,ct
Mt. Southington,2015-16,58,560,ct
Mt. Southington,2016-17,58,560,ct
Mt. Southington,2017-18,59,580,ct
Mt. Southington,2018-19,60,660,ct
Mt. Southington,2019-20,62,,ct
Mt. Southington,2020-21,62,650,ct
Mt. Southington,2021-22,64,675,ct
Mt. Southington,2022-23,68,725,ct
Mt. Southington,2023-24,70,750,ct
Mt. Sunapee,1997-98,37,,nh
Mt. Sunapee,1998-99,41,,nh
Mt. Sunapee,1999-00,44,,nh
Mt. Sunapee,2000-01,47,865,nh
Mt. Sunapee,2001-02,49,890,nh
Mt. Sunapee,2002-03,51,920,nh
Mt. Sunapee,2003-04,54,965,nh
Mt. Sunapee,2004-05,56,995,nh
Mt. Sunapee,2005-06,58,899,nh
Mt. Sunapee,2006-07,62,929,nh
Mt. Sunapee,2007-08,64,969,nh
Mt. Sunapee,2008-09,66,999,nh
Mt. Sunapee,2009-10,68,,nh
Mt. Sunapee,2010-11,70,,nh
Mt. Sunapee,2011-12,72,1089,nh
Mt. Sunapee,2012-13,74,1119,nh
Mt. Sunapee,2013-14,76,1149,nh
Mt. Sunapee,2014-15,79,1199,nh
Mt. Sunapee,2015-16,82,1249,nh
Mt. Sunapee,2016-17,84,1269,nh
Mt. Sunapee,2017-18,93,1375,nh
Mt. Sunapee,2018-19,98,709,nh
Mt. Sunapee,2019-20,99,739,nh
Mt. Sunapee,2020-21,83,639,nh
Mt. Sunapee,2021-22,109,499,nh
Mt. Sunapee,2022-23,119,557,nh
Mt. Sunapee,2023-24,129,,nh
Mt. Tom,1997-98,29,410,ma
Nashoba Valley,1999-00,29,,ma
Nashoba Valley,2000-01,30,500,ma
Nashoba Valley,2001-02,30,500,ma
Nashoba Valley,2002-03,32,500,ma
Nashoba Valley,2003-04,33,500,ma
Nashoba Valley,2004-05,35,500,ma
Nashoba Valley,2005-06,37,,ma
Nashoba Valley,2006-07,40,550,ma
Nashoba Valley,2007-08,40,550,ma
Nashoba Valley,2008-09,44,575,ma
Nashoba Valley,2009-10,45,,ma
Nashoba Valley,2010-11,46,,ma
Nashoba Valley,2011-12,48,625,ma
Nashoba Valley,2012-13,48,,ma
Nashoba Valley,2013-14,50,650,ma
Nashoba Valley,2014-15,52,675,ma
Nashoba Valley,2015-16,54,675,ma
Nashoba Valley,2016-17,55,675,ma
Nashoba Valley,2017-18,55,675,ma
Nashoba Valley,2018-19,58,650,ma
Nashoba Valley,2019-20,60,650,ma
Nashoba Valley,2020-21,,600,ma
Nashoba Valley,2021-22,85,650,ma
Nashoba Valley,2022-23,95,700,ma
Northeast Slopes,2008-09,12,,vt
Northeast Slopes,2009-10,12,,vt
Northeast Slopes,2010-11,12,,vt
Northeast Slopes,2011-12,15,,vt
Northeast Slopes,2012-13,15,,vt
Northeast Slopes,2013-14,15,,vt
Northeast Slopes,2014-15,15,150,vt
Northeast Slopes,2015-16,15,150,vt
Northeast Slopes,2016-17,15,150,vt
Northeast Slopes,2017-18,15,150,vt
Northeast Slopes,2018-19,15,150,vt
Northeast Slopes,2019-20,15,150,vt
Northeast Slopes,2021-22,15,150,vt
Northeast Slopes,2022-23,15,150,vt
Okemo,1997-98,50,1110,vt
Okemo,1999-00,54,1150,vt
Okemo,2000-01,56,1150,vt
Okemo,2001-02,59,1200,vt
Okemo,2002-03,62,1240,vt
Okemo,2003-04,65,1375,vt
Okemo,2004-05,67,1325,vt
Okemo,2005-06,69,1199,vt
Okemo,2006-07,72,1229,vt
Okemo,2007-08,74,1249,vt
Okemo,2008-09,77,1299,vt
Okemo,2009-10,,1339,vt
Okemo,2010-11,81,1379,vt
Okemo,2011-12,84,1419,vt
Okemo,2012-13,88,,vt
Okemo,2013-14,89,1499,vt
Okemo,2014-15,92,1529,vt
Okemo,2015-16,97,1599,vt
Okemo,2016-17,101,1619,vt
Okemo,2017-18,110,1375,vt
Okemo,2018-19,127.2,709,vt
Okemo,2019-20,126.14,739,vt
Okemo,2020-21,126.14,849,vt
Okemo,2021-22,142.04,619,vt
Okemo,2022-23,157.94,735,vt
Okemo,2023-24,200.34,,vt
Otis Ridge,1998-99,20,,ma
Otis Ridge,1999-00,20,,ma
Otis Ridge,2000-01,22,200,ma
Otis Ridge,2001-02,24,200,ma
Otis Ridge,2002-03,25,200,ma
Otis Ridge,2003-04,25,200,ma
Otis Ridge,2004-05,29,200,ma
Otis Ridge,2005-06,30,200,ma
Otis Ridge,2006-07,30,200,ma
Otis Ridge,2007-08,30,200,ma
Otis Ridge,2008-09,30,220,ma
Otis Ridge,2009-10,30,220,ma
Otis Ridge,2010-11,30,220,ma
Otis Ridge,2011-12,30,200,ma
Otis Ridge,2012-13,30,200,ma
Otis Ridge,2013-14,35,220,ma
Otis Ridge,2014-15,35,220,ma
Otis Ridge,2015-16,40,220,ma
Otis Ridge,2016-17,40,220,ma
Otis Ridge,2017-18,40,220,ma
Otis Ridge,2018-19,40,220,ma
Otis Ridge,2019-20,40,220,ma
Otis Ridge,2020-21,40,230,ma
Otis Ridge,2021-22,45,249,ma
Otis Ridge,2022-23,50,289,ma
Otis Ridge,2023-24,55,319,ma
Pats Peak,1997-98,36,,nh
Pats Peak,1998-99,38,,nh
Pats Peak,1999-00,39,495,nh
Pats Peak,2000-01,39,,nh
Pats Peak,2001-02,40,495,nh
Pats Peak,2002-03,40,495,nh
Pats Peak,2003-04,42,349,nh
Pats Peak,2004-05,43,349,nh
Pats Peak,2005-06,47,349,nh
Pats Peak,2006-07,48,369,nh
Pats Peak,2007-08,49,389,nh
Pats Peak,2008-09,52,419,nh
Pats Peak,2009-10,54,429,nh
Pats Peak,2010-11,56,449,nh
Pats Peak,2011-12,58,469,nh
Pats Peak,2012-13,60,499,nh
Pats Peak,2013-14,62,519,nh
Pats Peak,2014-15,64,529,nh
Pats Peak,2015-16,66,539,nh
Pats Peak,2016-17,68,549,nh
Pats Peak,2017-18,70,549,nh
Pats Peak,2018-19,72,559,nh
Pats Peak,2019-20,75,559,nh
Pats Peak,2020-21,79,,nh
Pats Peak,2021-22,79,569,nh
Pats Peak,2022-23,92,589,nh
Pats Peak,2023-24,95,689,nh
Pico,1997-98,39,849,vt
Pico,1998-99,42,849,vt
Pico,1999-00,45,549,vt
Pico,2000-01,45,549,vt
Pico,2001-02,45,549,vt
Pico,2002-03,48,,vt
Pico,2003-04,49,649,vt
Pico,2004-05,49,449,vt
Pico,2005-06,49,399,vt
Pico,2006-07,49,499,vt
Pico,2007-08,49,499,vt
Pico,2008-09,52,519,vt
Pico,2010-11,59,399,vt
Pico,2011-12,62,429,vt
Pico,2012-13,67,429,vt
Pico,2013-14,67,429,vt
Pico,2014-15,69,449,vt
Pico,2015-16,72,469,vt
Pico,2016-17,76,479,vt
Pico,2017-18,79,479,vt
Pico,2018-19,81,512.53,vt
Pico,2019-20,85,533.93,vt
Pico,2020-21,120,673.03,vt
Pico,2021-22,119,677.34,vt
Pico,2022-23,131.44,730.34,vt
Pine Ridge,2004-05,20,200,ma
Pine Ridge,2005-06,24,240,ma
Pinnacle,2017-18,30,,vt
Pinnacle,2019-20,,30,vt
Pleasant Mountain,1997-98,38,,me
Pleasant Mountain,1999-00,39,599,me
Pleasant Mountain,2000-01,39,675,me
Pleasant Mountain,2001-02,41,699,me
Pleasant Mountain,2002-03,42,699,me
Pleasant Mountain,2003-04,42,709,me
Pleasant Mountain,2004-05,44,699,me
Pleasant Mountain,2005-06,45,679,me
Pleasant Mountain,2006-07,47,699,me
Pleasant Mountain,2007-08,49,699,me
Pleasant Mountain,2008-09,52,779,me
Pleasant Mountain,2009-10,53,709,me
Pleasant Mountain,2010-11,56,709,me
Pleasant Mountain,2011-12,59,709,me
Pleasant Mountain,2012-13,59,699,me
Pleasant Mountain,2013-14,62,699,me
Pleasant Mountain,2014-15,63,705,me
Pleasant Mountain,2015-16,65,710,me
Pleasant Mountain,2016-17,69,715,me
Pleasant Mountain,2017-18,72,725,me
Pleasant Mountain,2018-19,75,760,me
Pleasant Mountain,2019-20,82,770,me
Pleasant Mountain,2020-21,86,795,me
Pleasant Mountain,2021-22,88,825,me
Pleasant Mountain,2022-23,89,924,me
Pleasant Mountain,2023-24,94,,me
Powder Ridge,1998-99,30,,ct
Powder Ridge,1999-00,30,400,ct
Powder Ridge,2000-01,30,400,ct
Powder Ridge,2001-02,32,400,ct
Powder Ridge,2002-03,33,450,ct
Powder Ridge,2003-04,33,450,ct
Powder Ridge,2004-05,35,,ct
Powder Ridge,2005-06,37,,ct
Powder Ridge,2013-14,55,550,ct
Powder Ridge,2014-15,55,550,ct
Powder Ridge,2015-16,55,550,ct
Powder Ridge,2016-17,55,550,ct
Powder Ridge,2017-18,55,550,ct
Powder Ridge,2018-19,55,605,ct
Powder Ridge,2019-20,49,539,ct
Powder Ridge,2020-21,55,,ct
Powder Ridge,2021-22,57,627,ct
Powder Ridge,2022-23,59,649,ct
Powder Ridge,2023-24,60.62,,ct
Powderhouse Hill,2008-09,5,,me
Powderhouse Hill,2009-10,5,,me
Powderhouse Hill,2010-11,5,,me
Powderhouse Hill,2011-12,5,,me
Powderhouse Hill,2012-13,5,,me
Powderhouse Hill,2013-14,5,,me
Powderhouse Hill,2014-15,5,,me
Powderhouse Hill,2015-16,5,,me
Powderhouse Hill,2016-17,5,,me
Powderhouse Hill,2017-18,5,,me
Powderhouse Hill,2018-19,5,,me
Powderhouse Hill,2019-20,5,,me
Powderhouse Hill,2021-22,5,,me
Powderhouse Hill,2022-23,5,,me
Proctor Ski Area,2017-18,15,,nh
Quarry Road Trails,2021-22,10,50,me
Quarry Road Trails,2022-23,10,50,me
Quechee,1998-99,22,,vt
Quechee,1999-00,22,,vt
Quechee,2004-05,35,,vt
Quechee,2006-07,38,,vt
Quechee,2011-12,40,,vt
Quechee,2012-13,40,,vt
Quechee,2013-14,40,,vt
Quechee,2014-15,42,,vt
Quechee,2015-16,42,375,vt
Quechee,2016-17,45,400,vt
Quechee,2017-18,45,420,vt
Quechee,2018-19,49,445.2,vt
Quechee,2019-20,49,450,vt
Quechee,2020-21,49,477,vt
Quechee,2021-22,52,530,vt
Quechee,2022-23,57,583,vt
Quoggy Jo,2013-14,8,125,me
Quoggy Jo,2014-15,8,125,me
Quoggy Jo,2015-16,8,125,me
Quoggy Jo,2016-17,8,125,me
Quoggy Jo,2019-20,10,125,me
Quoggy Jo,2021-22,,150,me
Ragged Mountain,1997-98,30,,nh
Ragged Mountain,1999-00,38,,nh
Ragged Mountain,2000-01,,675,nh
Ragged Mountain,2001-02,45,775,nh
Ragged Mountain,2002-03,,775,nh
Ragged Mountain,2003-04,49,815,nh
Ragged Mountain,2004-05,49,815,nh
Ragged Mountain,2005-06,52,815,nh
Ragged Mountain,2006-07,54,815,nh
Ragged Mountain,2007-08,,399,nh
Ragged Mountain,2008-09,59,499,nh
Ragged Mountain,2009-10,62,499,nh
Ragged Mountain,2010-11,68,499,nh
Ragged Mountain,2011-12,71,529,nh
Ragged Mountain,2012-13,71,529,nh
Ragged Mountain,2013-14,73,579,nh
Ragged Mountain,2014-15,79,749,nh
Ragged Mountain,2015-16,79,749,nh
Ragged Mountain,2016-17,79,449,nh
Ragged Mountain,2017-18,79,449,nh
Ragged Mountain,2018-19,89,499,nh
Ragged Mountain,2019-20,92,519,nh
Ragged Mountain,2020-21,94,599,nh
Ragged Mountain,2021-22,94,699,nh
Ragged Mountain,2022-23,114,704,nh
Ragged Mountain,2023-24,,699,nh
Saddleback,1998-99,42,,me
Saddleback,1999-00,45,,me
Saddleback,2000-01,47,725,me
Saddleback,2001-02,49,775,me
Saddleback,2002-03,49,975,me
Saddleback,2003-04,35,700,me
Saddleback,2004-05,35,595,me
Saddleback,2005-06,39,500,me
Saddleback,2006-07,40,450,me
Saddleback,2007-08,40,450,me
Saddleback,2008-09,40,450,me
Saddleback,2009-10,49,649,me
Saddleback,2010-11,50,649,me
Saddleback,2011-12,59,699,me
Saddleback,2012-13,59,799,me
Saddleback,2013-14,59,799,me
Saddleback,2014-15,69,,me
Saddleback,2020-21,84,699,me
Saddleback,2021-22,104,849,me
Saddleback,2022-23,119,849,me
Saddleback,2023-24,129,949,me
Ski Blandford,1998-99,24,199,ma
Ski Blandford,2000-01,26,,ma
Ski Blandford,2001-02,28,,ma
Ski Blandford,2002-03,28,299,ma
Ski Blandford,2003-04,33,324,ma
Ski Blandford,2004-05,35,324,ma
Ski Blandford,2005-06,37,338,ma
Ski Blandford,2006-07,37,338,ma
Ski Blandford,2007-08,39,398,ma
Ski Blandford,2008-09,41,398,ma
Ski Blandford,2009-10,45,448,ma
Ski Blandford,2010-11,45,448,ma
Ski Blandford,2011-12,47,458,ma
Ski Blandford,2012-13,47,,ma
Ski Blandford,2015-16,44,359,ma
Ski Blandford,2016-17,44,369,ma
Ski Blandford,2018-19,45,249,ma
Ski Blandford,2019-20,45,289,ma
Ski Bradford,2000-01,28,500,ma
Ski Bradford,2002-03,30,500,ma
Ski Bradford,2003-04,30,500,ma
Ski Bradford,2004-05,30,550,ma
Ski Bradford,2005-06,33,600,ma
Ski Bradford,2006-07,38,630,ma
Ski Bradford,2007-08,38,630,ma
Ski Bradford,2008-09,42,670,ma
Ski Bradford,2009-10,42,670,ma
Ski Bradford,2010-11,43,,ma
Ski Bradford,2011-12,45,670,ma
Ski Bradford,2012-13,45,670,ma
Ski Bradford,2013-14,48,695,ma
Ski Bradford,2014-15,48,665,ma
Ski Bradford,2015-16,50,665,ma
Ski Bradford,2016-17,52,665,ma
Ski Bradford,2017-18,52,665,ma
Ski Bradford,2018-19,55,665,ma
Ski Bradford,2019-20,58,665,ma
Ski Bradford,2020-21,58,,ma
Ski Bradford,2021-22,65,700,ma
Ski Bradford,2022-23,69,,ma
Ski Bradford,2023-24,73,,ma
Ski Butternut,1998-99,,495,ma
Ski Butternut,1999-00,39,,ma
Ski Butternut,2000-01,39,495,ma
Ski Butternut,2001-02,41,,ma
Ski Butternut,2002-03,43,299,ma
Ski Butternut,2003-04,45,299,ma
Ski Butternut,2004-05,46,299,ma
Ski Butternut,2005-06,46,199,ma
Ski Butternut,2006-07,49,279,ma
Ski Butternut,2007-08,50,279,ma
Ski Butternut,2008-09,55,279,ma
Ski Butternut,2009-10,55,279,ma
Ski Butternut,2010-11,55,330,ma
Ski Butternut,2011-12,55,330,ma
Ski Butternut,2012-13,55,330,ma
Ski Butternut,2013-14,55,440,ma
Ski Butternut,2014-15,55,440,ma
Ski Butternut,2015-16,60,455,ma
Ski Butternut,2016-17,60,455,ma
Ski Butternut,2017-18,60,490,ma
Ski Butternut,2018-19,60,399,ma
Ski Butternut,2019-20,65,399,ma
Ski Butternut,2020-21,65,399,ma
Ski Butternut,2021-22,75,439,ma
Ski Butternut,2022-23,85,599,ma
Ski Butternut,2023-24,95,599,ma
Ski Sundown,1999-00,32,,ct
Ski Sundown,2000-01,33,499,ct
Ski Sundown,2001-02,34,499,ct
Ski Sundown,2002-03,35,549,ct
Ski Sundown,2003-04,37,549,ct
Ski Sundown,2004-05,40,549,ct
Ski Sundown,2005-06,43,549,ct
Ski Sundown,2006-07,46,579,ct
Ski Sundown,2007-08,48,579,ct
Ski Sundown,2008-09,50,579,ct
Ski Sundown,2009-10,52,579,ct
Ski Sundown,2010-11,,589,ct
Ski Sundown,2011-12,55,589,ct
Ski Sundown,2012-13,55,589,ct
Ski Sundown,2013-14,56,589,ct
Ski Sundown,2014-15,58,599,ct
Ski Sundown,2015-16,60,625,ct
Ski Sundown,2016-17,60,625,ct
Ski Sundown,2017-18,62,650,ct
Ski Sundown,2018-19,62,715,ct
Ski Sundown,2019-20,62,715,ct
Ski Sundown,2020-21,62,715,ct
Ski Sundown,2021-22,64,675,ct
Ski Sundown,2022-23,68,725,ct
Ski Sundown,2023-24,70,750,ct
Ski Ward,1999-00,25,,ma
Ski Ward,2000-01,26,,ma
Ski Ward,2001-02,26,,ma
Ski Ward,2002-03,28,,ma
Ski Ward,2003-04,29,,ma
Ski Ward,2005-06,31,450,ma
Ski Ward,2007-08,,450,ma
Ski Ward,2008-09,40,475,ma
Ski Ward,2009-10,40,475,ma
Ski Ward,2010-11,40,475,ma
Ski Ward,2011-12,42,475,ma
Ski Ward,2012-13,42,475,ma
Ski Ward,2013-14,42,485,ma
Ski Ward,2014-15,45,495,ma
Ski Ward,2015-16,46,495,ma
Ski Ward,2016-17,49,525,ma
Ski Ward,2017-18,52,550,ma
Ski Ward,2018-19,55,579,ma
Ski Ward,2019-20,55,550,ma
Ski Ward,2020-21,57,580,ma
Ski Ward,2021-22,60,580,ma
Ski Ward,2022-23,65,640,ma
Ski Ward,2023-24,68,665,ma
Smugglers Notch,1997-98,44,369,vt
Smugglers Notch,1999-00,48,,vt
Smugglers Notch,2000-01,48,523.95,vt
Smugglers Notch,2001-02,48,544.95,vt
Smugglers Notch,2002-03,54,586.95,vt
Smugglers Notch,2003-04,54,592.54,vt
Smugglers Notch,2005-06,58,,vt
Smugglers Notch,2006-07,58,613.74,vt
Smugglers Notch,2007-08,60,634.94,vt
Smugglers Notch,2008-09,62,656.14,vt
Smugglers Notch,2009-10,62,634.94,vt
Smugglers Notch,2010-11,64,,vt
Smugglers Notch,2011-12,66,656.14,vt
Smugglers Notch,2012-13,66,656.14,vt
Smugglers Notch,2013-14,68,687.94,vt
Smugglers Notch,2014-15,70,687.94,vt
Smugglers Notch,2015-16,72,709.14,vt
Smugglers Notch,2016-17,72,709.14,vt
Smugglers Notch,2017-18,81,687.94,vt
Smugglers Notch,2018-19,79,698.54,vt
Smugglers Notch,2019-20,82,698.54,vt
Smugglers Notch,2020-21,89,730.34,vt
Smugglers Notch,2021-22,94.34,687.94,vt
Smugglers Notch,2022-23,95.4,746.24,vt
Spruce Mountain,2007-08,16,,me
Spruce Mountain,2008-09,17,,me
Spruce Mountain,2009-10,17,,me
Spruce Mountain,2010-11,17,,me
Spruce Mountain,2012-13,25,,me
Spruce Mountain,2013-14,25,,me
Spruce Mountain,2014-15,25,,me
Spruce Mountain,2015-16,25,500,me
Spruce Mountain,2019-20,,225,me
Spruce Mountain,2020-21,,300,me
Spruce Mountain,2021-22,25,225,me
Spruce Mountain,2022-23,30,,me
Storrs Hill,1999-00,5,,nh
Storrs Hill,2006-07,10,,nh
Storrs Hill,2010-11,10,100,nh
Storrs Hill,2011-12,10,100,nh
Storrs Hill,2012-13,10,100,nh
Storrs Hill,2013-14,10,100,nh
Storrs Hill,2014-15,10,100,nh
Storrs Hill,2015-16,10,100,nh
Storrs Hill,2016-17,10,125,nh
Storrs Hill,2017-18,15,125,nh
Storrs Hill,2018-19,15,140,nh
Storrs Hill,2019-20,15,160,nh
Storrs Hill,2021-22,15,160,nh
Storrs Hill,2022-23,15,160,nh
Storrs Hill,2023-24,15,170,nh
Stowe,1997-98,50,1230,vt
Stowe,1999-00,,1290,vt
Stowe,2000-01,56,1290,vt
Stowe,2001-02,58,1350,vt
Stowe,2002-03,60,1380,vt
Stowe,2003-04,62,1415,vt
Stowe,2004-05,65,1435,vt
Stowe,2005-06,76,1507,vt
Stowe,2006-07,76,1570,vt
Stowe,2007-08,84,1635,vt
Stowe,2008-09,89,1766,vt
Stowe,2009-10,89,1815,vt
Stowe,2010-11,89,1879,vt
Stowe,2011-12,92,1996,vt
Stowe,2012-13,92,2056,vt
Stowe,2013-14,98,2138,vt
Stowe,2014-15,108,2138,vt
Stowe,2015-16,115,2224,vt
Stowe,2016-17,124,2313,vt
Stowe,2017-18,131,899,vt
Stowe,2018-19,147.34,949,vt
Stowe,2019-20,147.34,989,vt
Stowe,2020-21,147.34,1099,vt
Stowe,2021-22,173.84,819,vt
Stowe,2022-23,200.34,949,vt
Stowe,2023-24,223.63,719,vt
Stratton,1997-98,50,1150,vt
Stratton,1999-00,59,1200,vt
Stratton,2000-01,60,1260,vt
Stratton,2001-02,62,1379,vt
Stratton,2002-03,72,1449,vt
Stratton,2003-04,72,1479,vt
Stratton,2004-05,72,,vt
Stratton,2005-06,72,999,vt
Stratton,2006-07,75,1059,vt
Stratton,2007-08,78,1059,vt
Stratton,2008-09,79,1109,vt
Stratton,2009-10,82,1139,vt
Stratton,2010-11,84,1159,vt
Stratton,2011-12,87,1229,vt
Stratton,2012-13,87,1229,vt
Stratton,2013-14,92,999,vt
Stratton,2014-15,98,,vt
Stratton,2015-16,105,1119,vt
Stratton,2016-17,105,1199,vt
Stratton,2017-18,115,1099,vt
Stratton,2018-19,129,1049,vt
Stratton,2019-20,139.1,1099,vt
Stratton,2020-21,148.73,1149,vt
Stratton,2021-22,180.83,1149,vt
Stratton,2022-23,202.23,1229,vt
Sugarbush,1997-98,49.35,1099,vt
Sugarbush,1998-99,,1299,vt
Sugarbush,2000-01,55,,vt
Sugarbush,2001-02,55,,vt
Sugarbush,2002-03,57,1350,vt
Sugarbush,2003-04,59,,vt
Sugarbush,2005-06,63,1319,vt
Sugarbush,2006-07,66,1259,vt
Sugarbush,2007-08,69,1399,vt
Sugarbush,2008-09,72,1399,vt
Sugarbush,2009-10,82,1469,vt
Sugarbush,2010-11,84,1499,vt
Sugarbush,2011-12,88,1569,vt
Sugarbush,2012-13,89,1599,vt
Sugarbush,2013-14,89,1629,vt
Sugarbush,2014-15,91,1679,vt
Sugarbush,2015-16,95,1729,vt
Sugarbush,2016-17,97,1779,vt
Sugarbush,2017-18,124,1149,vt
Sugarbush,2018-19,124,1217.94,vt
Sugarbush,2019-20,134,1270.94,vt
Sugarbush,2020-21,162.94,1149,vt
Sugarbush,2021-22,185.2,1149,vt
Sugarbush,2022-23,205.64,1229,vt
Sugarloaf,1997-98,47,,me
Sugarloaf,2000-01,51,1295,me
Sugarloaf,2001-02,52,1245,me
Sugarloaf,2002-03,53,1249,me
Sugarloaf,2003-04,56,1249,me
Sugarloaf,2004-05,58,1100,me
Sugarloaf,2005-06,61,1300,me
Sugarloaf,2006-07,67,1350,me
Sugarloaf,2007-08,72,999,me
Sugarloaf,2008-09,75,1049,me
Sugarloaf,2009-10,75,1049,me
Sugarloaf,2010-11,77,1079,me
Sugarloaf,2011-12,79,1149,me
Sugarloaf,2012-13,81,1175,me
Sugarloaf,2013-14,83,1210,me
Sugarloaf,2014-15,84,1245,me
Sugarloaf,2015-16,86,1245,me
Sugarloaf,2016-17,95,1309,me
Sugarloaf,2017-18,95,1349,me
Sugarloaf,2018-19,99,1389,me
Sugarloaf,2019-20,105,1419,me
Sugarloaf,2020-21,124,,me
Sugarloaf,2021-22,130,1599,me
Sugarloaf,2022-23,129,1609,me
Sugarloaf,2023-24,135,,me
Suicide Six,1998-99,38,496,vt
Suicide Six,1999-00,40,516,vt
Suicide Six,2000-01,42,,vt
Suicide Six,2001-02,46,,vt
Suicide Six,2002-03,46,587,vt
Suicide Six,2003-04,48,,vt
Suicide Six,2004-05,50,,vt
Suicide Six,2005-06,52,,vt
Suicide Six,2006-07,52,,vt
Suicide Six,2007-08,55,714,vt
Suicide Six,2008-09,57,735,vt
Suicide Six,2009-10,59,,vt
Suicide Six,2010-11,60,629,vt
Suicide Six,2011-12,64,,vt
Suicide Six,2012-13,64,675,vt
Suicide Six,2013-14,64,599,vt
Suicide Six,2014-15,66,579,vt
Suicide Six,2015-16,68,549,vt
Suicide Six,2016-17,68,549,vt
Suicide Six,2017-18,72,579,vt
Suicide Six,2018-19,72,634.94,vt
Suicide Six,2019-20,79,475.94,vt
Suicide Six,2020-21,79,634.94,vt
Suicide Six,2021-22,79,634.94,vt
Suicide Six,2022-23,79,634.94,vt
Sunday River,1997-98,47,,me
Sunday River,1998-99,49,,me
Sunday River,1999-00,49,,me
Sunday River,2000-01,51,,me
Sunday River,2001-02,52,1245,me
Sunday River,2002-03,53,1249,me
Sunday River,2003-04,56,1249,me
Sunday River,2004-05,59,1100,me
Sunday River,2005-06,59,1300,me
Sunday River,2006-07,67,1400,me
Sunday River,2007-08,72,999,me
Sunday River,2008-09,77,1049,me
Sunday River,2009-10,77,1049,me
Sunday River,2010-11,79,1079,me
Sunday River,2011-12,80,1149,me
Sunday River,2012-13,85,1175,me
Sunday River,2013-14,87,1210,me
Sunday River,2014-15,89,1245,me
Sunday River,2015-16,89,1245,me
Sunday River,2016-17,99,1309,me
Sunday River,2017-18,105,1349,me
Sunday River,2018-19,105,1389,me
Sunday River,2019-20,109,1419,me
Sunday River,2020-21,119,,me
Sunday River,2021-22,139,1599,me
Sunday River,2022-23,149,1609,me
Sunday River,2023-24,159,,me
Temple Mountain,1999-00,27,,nh
Temple Mountain,2000-01,27,400,nh
Tenney Mountain,1997-98,29,490,nh
Tenney Mountain,1998-99,32,,nh
Tenney Mountain,1999-00,34,,nh
Tenney Mountain,2000-01,36,490,nh
Tenney Mountain,2002-03,37,299,nh
Tenney Mountain,2003-04,39,299,nh
Tenney Mountain,2004-05,39,329,nh
Tenney Mountain,2005-06,39,349,nh
Tenney Mountain,2006-07,,375,nh
Tenney Mountain,2007-08,45,299,nh
Tenney Mountain,2008-09,49,200,nh
Tenney Mountain,2009-10,50,349,nh
Tenney Mountain,2017-18,45,,nh
Tenney Mountain,2018-19,75,389,nh
Tenney Mountain,2019-20,59,389,nh
Tenney Mountain,2022-23,89,,nh
Tenney Mountain,2023-24,65,450,nh
Titcomb Mountain,1998-99,14,,me
Titcomb Mountain,2000-01,16,,me
Titcomb Mountain,2001-02,16,,me
Titcomb Mountain,2002-03,17,,me
Titcomb Mountain,2003-04,19,,me
Titcomb Mountain,2004-05,19,,me
Titcomb Mountain,2005-06,22,,me
Titcomb Mountain,2006-07,22,,me
Titcomb Mountain,2007-08,24,,me
Titcomb Mountain,2008-09,24,,me
Titcomb Mountain,2011-12,25,,me
Titcomb Mountain,2012-13,20,,me
Titcomb Mountain,2013-14,20,,me
Titcomb Mountain,2014-15,20,,me
Titcomb Mountain,2015-16,22,225,me
Titcomb Mountain,2016-17,22,225,me
Titcomb Mountain,2017-18,24,235,me
Titcomb Mountain,2018-19,24,235,me
Titcomb Mountain,2019-20,24,242,me
Titcomb Mountain,2020-21,27,242,me
Wachusett,1999-00,39,,ma
Wachusett,2014-15,63,649,ma
Wachusett,2015-16,65,669,ma
Wachusett,2016-17,69,669,ma
Wachusett,2017-18,71,669,ma
Wachusett,2018-19,71,679,ma
Wachusett,2019-20,73,,ma
Wachusett,2021-22,89,,ma
Wachusett,2022-23,93,799,ma
Wachusett,2023-24,,899,ma
Wachusett Mountain,1997-98,35,,ma
Wachusett Mountain,1998-99,37,,ma
Wachusett Mountain,2000-01,42,619,ma
Wachusett Mountain,2001-02,43,619,ma
Wachusett Mountain,2002-03,44,619,ma
Wachusett Mountain,2003-04,45,639,ma
Wachusett Mountain,2004-05,46,619,ma
Wachusett Mountain,2005-06,48,629,ma
Wachusett Mountain,2006-07,49,629,ma
Wachusett Mountain,2007-08,49,629,ma
Wachusett Mountain,2008-09,49,599,ma
Wachusett Mountain,2009-10,49,,ma
Wachusett Mountain,2010-11,51,625,ma
Wachusett Mountain,2011-12,58,649,ma
Wachusett Mountain,2012-13,58,649,ma
Wachusett Mountain,2013-14,60,649,ma
Waterville Valley,1997-98,44,990,nh
Waterville Valley,1998-99,46,995,nh
Waterville Valley,1999-00,47,,nh
Waterville Valley,2000-01,49,449,nh
Waterville Valley,2001-02,39,489,nh
Waterville Valley,2002-03,39,489,nh
Waterville Valley,2003-04,39,459,nh
Waterville Valley,2004-05,44,,nh
Waterville Valley,2005-06,55,,nh
Waterville Valley,2006-07,59,569,nh
Waterville Valley,2007-08,61,849,nh
Waterville Valley,2008-09,65,749,nh
Waterville Valley,2010-11,69,,nh
Waterville Valley,2011-12,73,819,nh
Waterville Valley,2012-13,73,845,nh
Waterville Valley,2013-14,75,899,nh
Waterville Valley,2014-15,75,929,nh
Waterville Valley,2015-16,77,949,nh
Waterville Valley,2016-17,81,979,nh
Waterville Valley,2017-18,87,1028,nh
Waterville Valley,2018-19,93,1078,nh
Waterville Valley,2019-20,96,1078,nh
Waterville Valley,2020-21,102,1153,nh
Waterville Valley,2021-22,102,1188,nh
Waterville Valley,2022-23,116,1306,nh
Waterville Valley,2023-24,128,1372,nh
Whaleback,1997-98,25,339,nh
Whaleback,1998-99,27,339,nh
Whaleback,1999-00,29,379,nh
Whaleback,2000-01,29,379,nh
Whaleback,2005-06,35,300,nh
Whaleback,2006-07,39,399,nh
Whaleback,2007-08,39,350,nh
Whaleback,2008-09,,350,nh
Whaleback,2010-11,,370,nh
Whaleback,2011-12,40,370,nh
Whaleback,2012-13,40,399,nh
Whaleback,2013-14,40,399,nh
Whaleback,2014-15,45,399,nh
Whaleback,2015-16,43,399,nh
Whaleback,2016-17,45,420,nh
Whaleback,2017-18,45,399,nh
Whaleback,2018-19,45,350,nh
Whaleback,2019-20,45,,nh
Whaleback,2020-21,45,,nh
Whaleback,2021-22,50,250,nh
Whaleback,2022-23,50,275,nh
Wildcat Mountain,1997-98,44,,nh
Wildcat Mountain,1998-99,46,,nh
Wildcat Mountain,1999-00,49,,nh
Wildcat Mountain,2000-01,49,,nh
Wildcat Mountain,2001-02,52,1095,nh
Wildcat Mountain,2002-03,52,1095,nh
Wildcat Mountain,2003-04,52,1095,nh
Wildcat Mountain,2004-05,55,699,nh
Wildcat Mountain,2005-06,55,699,nh
Wildcat Mountain,2006-07,59,699,nh
Wildcat Mountain,2007-08,59,699,nh
Wildcat Mountain,2008-09,65,899,nh
Wildcat Mountain,2009-10,65,749,nh
Wildcat Mountain,2010-11,70,,nh
Wildcat Mountain,2011-12,70,799,nh
Wildcat Mountain,2012-13,70,799,nh
Wildcat Mountain,2013-14,70,799,nh
Wildcat Mountain,2014-15,75,829,nh
Wildcat Mountain,2015-16,79,859,nh
Wildcat Mountain,2016-17,79,999,nh
Wildcat Mountain,2017-18,85,999,nh
Wildcat Mountain,2018-19,89,1129,nh
Wildcat Mountain,2019-20,89,739,nh
Wildcat Mountain,2020-21,94,639,nh
Wildcat Mountain,2021-22,99,499,nh
Wildcat Mountain,2022-23,115,557,nh
Wildcat Mountain,2023-24,129,,nh
Woodbury,2000-01,24,399,ct
Woodbury,2001-02,25,450,ct
Woodbury,2002-03,25,499,ct
Woodbury,2003-04,27,599,ct
Woodbury,2004-05,28,549,ct
Woodbury,2005-06,29,549,ct
Woodbury,2006-07,31,549,ct
Woodbury,2007-08,32,549,ct
Woodbury,2008-09,35,525,ct
Woodbury,2009-10,39,550,ct
Woodbury,2010-11,39,,ct
Woodbury,2011-12,39,550,ct
Woodbury,2012-13,42,,ct
Woodbury,2013-14,42,425,ct
Woodbury,2014-15,39,425,ct
Woodbury,2015-16,39,399,ct
